accenture Accenture
adobe Adobe
aecom Aecom
airbus Airbus
alcoa Alcoa
alstom Alstom
amp AMP
anglo-american AngloAmerican
aristocrat Aristocrat
arq-group ARQ Group
arup ARUP 
ashurst Ashurst
atlassian Atlassian
asunet-services AusNet Services
australiansuper AustralianSuper
automattic Automattic
bae-systems Bae Systems
bank-of-queensland Bank Of Queensland
barwon-water Barwon Water
bhp BHP
blackbird Blackbird Ventures
bp BP
brisbane-airport-corporation Brisbane Airport Corporation
brown-forman Brown-Forman
buildkite Buildkite
bunnings-group-limited Bunnings
caltex Caltex
cbus Cbus
cimic-group CIMIC
citi Citi 
city-of-melbourne City Of Melbourne
clayton-utz Clayton Utz
clearview ClearView
colin-biggers-and-pasiley Colin Biggers & Paisley
common-code Common Code
cpb-contractors CPB Contractors
csiro CSIRO
department-of-defence Department of Defence
department-of-premier-and-cabinet Department of Premier and Cabinet
dexus Dexus
downer Downer Group
edith-cowan-univeristy Edith Cowan University
expedia-group Expedia
flurosat Flurosat
ge GE
ghd GHD
global-vision-media Global Vision Media
harbour-city-ferries Harbour City Ferries
holcim Holcim
hsbc HSBC
ibm IBM
incitec-pivot-limited Incitec Pivot Limited
john-holland John Holland
kpmg KPMG
laing-orourke Laing O'Rourke
latitiude-financial Latitude Financial
lendlease Lendlease
lion Lion
livetiles LiveTiles
lookahead-search LookAhead
mckinsey-and-company Mckinsey & Company
me-bank ME Bank
mec-mining MEC Mining
merck-sharp-and-dome Merck Sharp & Dome
metro-trains Metro Trains
microsoft Microsoft
motorola-solutions Motorola Solution
nab NAB
nbn NBN
no-moss NoMoss
nova-systems Nova Systems
optus Optus
patersons-securities-limited Patersons Securities Limited
philips Philips
port-of-brisbane Port Of Brisbane
ppg PPG
programmed Programmed
pwc PWC
qantas Qantas
qinetiq Qinetiq
queensland-fire-and-emergency-services Queensland Fire & Emergency Services
queensland-law-society Queensland Law Society
queensland-police-service Queensland Police Service
queensland-urban-utilities Queensland Urban Utilities
rabobank RaboBank
rac RAC
racq RACQ
readify Readify
reinventure Reinventure
rms RMS
robert-bird-group Robert Bird
schindler-lifts-australian Schindler
sedgman Sedgman
servicenow ServiceNow
siemens Siemens
social-ventures-australia SVA
stanwell Stanwell
symantec Symantec
telstra Telstra
the-yield The Yield
thiess Thiess
toyota Toyota
transgrid TransGrid
ugl UGL Energy
unitywater Unity Water
univeristy-of-newcastle University Of Newcastle
wannon-water Wannon Water
xero Xero
zendesk Zendesk